{
    "location": {
        "name": "Málaga",
        "region": "Andalucia",
        "country": "Espagne",
        "lat": 36.7167,
        "lon": -4.4167,
        "tz_id": "Europe/Madrid",
        "localtime_epoch": 1747215371,
        "localtime": "2025-05-14 11:36"
    },
    "current": {
        "last_updated_epoch": 1747215000,
        "last_updated": "2025-05-14 11:30",
        "temp_c": 22.4,
        "temp_f": 72.3,
        "is_day": 1,
        "condition": {
            "text": "Sunny",
            "icon": "//cdn.weatherapi.com/weather/64x64/day/113.png",
            "code": 1000
        },
        "wind_mph": 6.9,
        "wind_kph": 11.2,
        "wind_degree": 298,
        "wind_dir": "WNW",
        "pressure_mb": 1013.0,
        "pressure_in": 29.91,
        "precip_mm": 0.0,
        "precip_in": 0.0,
        "humidity": 50,
        "cloud": 25,
        "feelslike_c": 24.4,
        "feelslike_f": 75.9,
        "windchill_c": 22.2,
        "windchill_f": 72.0,
        "heatindex_c": 24.4,
        "heatindex_f": 75.8,
        "dewpoint_c": 10.1,
        "dewpoint_f": 50.3,
        "vis_km": 10.0,
        "vis_miles": 6.0,
        "uv": 3.2,
        "gust_mph": 8.0,
        "gust_kph": 12.9
    },
    "forecast": {
        "forecastday": [
            {
                "date": "2025-05-14",
                "date_epoch": 1747180800,
                "day": {
                    "maxtemp_c": 24.8,
                    "maxtemp_f": 76.6,
                    "mintemp_c": 15.5,
                    "mintemp_f": 60.0,
                    "avgtemp_c": 20.0,
                    "avgtemp_f": 68.1,
                    "maxwind_mph": 15.0,
                    "maxwind_kph": 24.1,
                    "totalprecip_mm": 0.0,
                    "totalprecip_in": 0.0,
                    "totalsnow_cm": 0.0,
                    "avgvis_km": 9.9,
                    "avgvis_miles": 6.0,
                    "avghumidity": 53,
                    "daily_will_it_rain": 0,
                    "daily_chance_of_rain": 0,
                    "daily_will_it_snow": 0,
                    "daily_chance_of_snow": 0,
                    "condition": {
                        "text": "Sunny",
                        "icon": "//cdn.weatherapi.com/weather/64x64/day/113.png",
                        "code": 1000
                    },
                    "uv": 2.1
                },
                "astro": {
                    "sunrise": "07:11 AM",
                    "sunset": "09:18 PM",
                    "moonrise": "11:29 PM",
                    "moonset": "07:52 AM",
                    "moon_phase": "Waning Gibbous",
                    "moon_illumination": 98,
                    "is_moon_up": 1,
                    "is_sun_up": 0
                },
                "hour": [
                    {
                        "time_epoch": 1747173600,
                        "time": "2025-05-14 00:00",
                        "temp_c": 16.8,
                        "temp_f": 62.3,
                        "is_day": 0,
                        "condition": {
                            "text": "Clear ",
                            "icon": "//cdn.weatherapi.com/weather/64x64/night/113.png",
                            "code": 1000
                        },
                        "wind_mph": 5.8,
                        "wind_kph": 9.4,
                        "wind_degree": 351,
                        "wind_dir": "N",
                        "pressure_mb": 1013.0,
                        "pressure_in": 29.9,
                        "precip_mm": 0.0,
                        "precip_in": 0.0,
                        "snow_cm": 0.0,
                        "humidity": 62,
                        "cloud": 24,
                        "feelslike_c": 16.8,
                        "feelslike_f": 62.3,
                        "windchill_c": 16.8,
                        "windchill_f": 62.3,
                        "heatindex_c": 16.8,
                        "heatindex_f": 62.3,
                        "dewpoint_c": 9.6,
                        "dewpoint_f": 49.3,
                        "will_it_rain": 0,
                        "chance_of_rain": 0,
                        "will_it_snow": 0,
                        "chance_of_snow": 0,
                        "vis_km": 10.0,
                        "vis_miles": 6.0,
                        "gust_mph": 9.9,
                        "gust_kph": 15.9,
                        "uv": 0
                    },
                    {
                        "time_epoch": 1747177200,
                        "time": "2025-05-14 01:00",
                        "temp_c": 17.8,
                        "temp_f": 64.0,
                        "is_day": 0,
                        "condition": {
                            "text": "Clear ",
                            "icon": "//cdn.weatherapi.com/weather/64x64/night/113.png",
                            "code": 1000
                        },
                        "wind_mph": 7.2,
                        "wind_kph": 11.5,
                        "wind_degree": 333,
                        "wind_dir": "NNW",
                        "pressure_mb": 1012.0,
                        "pressure_in": 29.88,
                        "precip_mm": 0.0,
                        "precip_in": 0.0,
                        "snow_cm": 0.0,
                        "humidity": 62,
                        "cloud": 13,
                        "feelslike_c": 17.8,
                        "feelslike_f": 64.0,
                        "windchill_c": 17.8,
                        "windchill_f": 64.0,
                        "heatindex_c": 17.8,
                        "heatindex_f": 64.0,
                        "dewpoint_c": 10.3,
                        "dewpoint_f": 50.6,
                        "will_it_rain": 0,
                        "chance_of_rain": 0,
                        "will_it_snow": 0,
                        "chance_of_snow": 0,
                        "vis_km": 10.0,
                        "vis_miles": 6.0,
                        "gust_mph": 9.9,
                        "gust_kph": 15.9,
                        "uv": 0
                    },
                    {
                        "time_epoch": 1747180800,
                        "time": "2025-05-14 02:00",
                        "temp_c": 17.5,
                        "temp_f": 63.5,
                        "is_day": 0,
                        "condition": {
                            "text": "Partly Cloudy ",
                            "icon": "//cdn.weatherapi.com/weather/64x64/night/116.png",
                            "code": 1003
                        },
                        "wind_mph": 6.9,
                        "wind_kph": 11.2,
                        "wind_degree": 316,
                        "wind_dir": "NW",
                        "pressure_mb": 1012.0,
                        "pressure_in": 29.87,
                        "precip_mm": 0.0,
                        "precip_in": 0.0,
                        "snow_cm": 0.0,
                        "humidity": 63,
                        "cloud": 42,
                        "feelslike_c": 17.5,
                        "feelslike_f": 63.5,
                        "windchill_c": 17.5,
                        "windchill_f": 63.5,
                        "heatindex_c": 17.5,
                        "heatindex_f": 63.5,
                        "dewpoint_c": 10.3,
                        "dewpoint_f": 50.5,
                        "will_it_rain": 0,
                        "chance_of_rain": 0,
                        "will_it_snow": 0,
                        "chance_of_snow": 0,
                        "vis_km": 10.0,
                        "vis_miles": 6.0,
                        "gust_mph": 9.8,
                        "gust_kph": 15.7,
                        "uv": 0
                    },
                    {
                        "time_epoch": 1747184400,
                        "time": "2025-05-14 03:00",
                        "temp_c": 16.6,
                        "temp_f": 61.9,
                        "is_day": 0,
                        "condition": {
                            "text": "Cloudy ",
                            "icon": "//cdn.weatherapi.com/weather/64x64/night/119.png",
                            "code": 1006
                        },
                        "wind_mph": 5.1,
                        "wind_kph": 8.3,
                        "wind_degree": 321,
                        "wind_dir": "NW",
                        "pressure_mb": 1012.0,
                        "pressure_in": 29.88,
                        "precip_mm": 0.0,
                        "precip_in": 0.0,
                        "snow_cm": 0.0,
                        "humidity": 65,
                        "cloud": 67,
                        "feelslike_c": 16.6,
                        "feelslike_f": 61.9,
                        "windchill_c": 16.6,
                        "windchill_f": 61.9,
                        "heatindex_c": 16.6,
                        "heatindex_f": 61.9,
                        "dewpoint_c": 10.1,
                        "dewpoint_f": 50.1,
                        "will_it_rain": 0,
                        "chance_of_rain": 0,
                        "will_it_snow": 0,
                        "chance_of_snow": 0,
                        "vis_km": 10.0,
                        "vis_miles": 6.0,
                        "gust_mph": 7.9,
                        "gust_kph": 12.8,
                        "uv": 0
                    },
                    {
                        "time_epoch": 1747188000,
                        "time": "2025-05-14 04:00",
                        "temp_c": 16.4,
                        "temp_f": 61.5,
                        "is_day": 0,
                        "condition": {
                            "text": "Partly Cloudy ",
                            "icon": "//cdn.weatherapi.com/weather/64x64/night/116.png",
                            "code": 1003
                        },
                        "wind_mph": 5.8,
                        "wind_kph": 9.4,
                        "wind_degree": 335,
                        "wind_dir": "NNW",
                        "pressure_mb": 1012.0,
                        "pressure_in": 29.87,
                        "precip_mm": 0.0,
                        "precip_in": 0.0,
                        "snow_cm": 0.0,
                        "humidity": 65,
                        "cloud": 44,
                        "feelslike_c": 16.4,
                        "feelslike_f": 61.5,
                        "windchill_c": 16.4,
                        "windchill_f": 61.5,
                        "heatindex_c": 16.4,
                        "heatindex_f": 61.5,
                        "dewpoint_c": 9.8,
                        "dewpoint_f": 49.7,
                        "will_it_rain": 0,
                        "chance_of_rain": 0,
                        "will_it_snow": 0,
                        "chance_of_snow": 0,
                        "vis_km": 10.0,
                        "vis_miles": 6.0,
                        "gust_mph": 9.0,
                        "gust_kph": 14.5,
                        "uv": 0
                    },
                    {
                        "time_epoch": 1747191600,
                        "time": "2025-05-14 05:00",
                        "temp_c": 15.9,
                        "temp_f": 60.6,
                        "is_day": 0,
                        "condition": {
                            "text": "Clear ",
                            "icon": "//cdn.weatherapi.com/weather/64x64/night/113.png",
                            "code": 1000
                        },
                        "wind_mph": 5.1,
                        "wind_kph": 8.3,
                        "wind_degree": 338,
                        "wind_dir": "NNW",
                        "pressure_mb": 1012.0,
                        "pressure_in": 29.88,
                        "precip_mm": 0.0,
                        "precip_in": 0.0,
                        "snow_cm": 0.0,
                        "humidity": 66,
                        "cloud": 12,
                        "feelslike_c": 15.9,
                        "feelslike_f": 60.6,
                        "windchill_c": 15.9,
                        "windchill_f": 60.6,
                        "heatindex_c": 15.9,
                        "heatindex_f": 60.6,
                        "dewpoint_c": 9.6,
                        "dewpoint_f": 49.3,
                        "will_it_rain": 0,
                        "chance_of_rain": 0,
                        "will_it_snow": 0,
                        "chance_of_snow": 0,
                        "vis_km": 10.0,
                        "vis_miles": 6.0,
                        "gust_mph": 8.3,
                        "gust_kph": 13.3,
                        "uv": 0
                    },
                    {
                        "time_epoch": 1747195200,
                        "time": "2025-05-14 06:00",
                        "temp_c": 15.5,
                        "temp_f": 60.0,
                        "is_day": 0,
                        "condition": {
                            "text": "Clear ",
                            "icon": "//cdn.weatherapi.com/weather/64x64/night/113.png",
                            "code": 1000
                        },
                        "wind_mph": 5.4,
                        "wind_kph": 8.6,
                        "wind_degree": 334,
                        "wind_dir": "NNW",
                        "pressure_mb": 1012.0,
                        "pressure_in": 29.89,
                        "precip_mm": 0.0,
                        "precip_in": 0.0,
                        "snow_cm": 0.0,
                        "humidity": 67,
                        "cloud": 13,
                        "feelslike_c": 15.5,
                        "feelslike_f": 60.0,
                        "windchill_c": 15.5,
                        "windchill_f": 60.0,
                        "heatindex_c": 15.5,
                        "heatindex_f": 60.0,
                        "dewpoint_c": 9.5,
                        "dewpoint_f": 49.1,
                        "will_it_rain": 0,
                        "chance_of_rain": 0,
                        "will_it_snow": 0,
                        "chance_of_snow": 0,
                        "vis_km": 10.0,
                        "vis_miles": 6.0,
                        "gust_mph": 8.7,
                        "gust_kph": 13.9,
                        "uv": 0
                    },
                    {
                        "time_epoch": 1747198800,
                        "time": "2025-05-14 07:00",
                        "temp_c": 15.9,
                        "temp_f": 60.7,
                        "is_day": 0,
                        "condition": {
                            "text": "Clear ",
                            "icon": "//cdn.weatherapi.com/weather/64x64/night/113.png",
                            "code": 1000
                        },
                        "wind_mph": 5.6,
                        "wind_kph": 9.0,
                        "wind_degree": 332,
                        "wind_dir": "NNW",
                        "pressure_mb": 1013.0,
                        "pressure_in": 29.91,
                        "precip_mm": 0.0,
                        "precip_in": 0.0,
                        "snow_cm": 0.0,
                        "humidity": 67,
                        "cloud": 10,
                        "feelslike_c": 15.9,
                        "feelslike_f": 60.7,
                        "windchill_c": 15.9,
                        "windchill_f": 60.7,
                        "heatindex_c": 15.9,
                        "heatindex_f": 60.7,
                        "dewpoint_c": 9.9,
                        "dewpoint_f": 49.9,
                        "will_it_rain": 0,
                        "chance_of_rain": 0,
                        "will_it_snow": 0,
                        "chance_of_snow": 0,
                        "vis_km": 10.0,
                        "vis_miles": 6.0,
                        "gust_mph": 8.1,
                        "gust_kph": 13.0,
                        "uv": 0
                    },
                    {
                        "time_epoch": 1747202400,
                        "time": "2025-05-14 08:00",
                        "temp_c": 17.5,
                        "temp_f": 63.5,
                        "is_day": 1,
                        "condition": {
                            "text": "Sunny",
                            "icon": "//cdn.weatherapi.com/weather/64x64/day/113.png",
                            "code": 1000
                        },
                        "wind_mph": 4.3,
                        "wind_kph": 6.8,
                        "wind_degree": 325,
                        "wind_dir": "NW",
                        "pressure_mb": 1013.0,
                        "pressure_in": 29.91,
                        "precip_mm": 0.0,
                        "precip_in": 0.0,
                        "snow_cm": 0.0,
                        "humidity": 62,
                        "cloud": 13,
                        "feelslike_c": 17.5,
                        "feelslike_f": 63.5,
                        "windchill_c": 17.5,
                        "windchill_f": 63.5,
                        "heatindex_c": 17.5,
                        "heatindex_f": 63.5,
                        "dewpoint_c": 10.3,
                        "dewpoint_f": 50.5,
                        "will_it_rain": 0,
                        "chance_of_rain": 0,
                        "will_it_snow": 0,
                        "chance_of_snow": 0,
                        "vis_km": 10.0,
                        "vis_miles": 6.0,
                        "gust_mph": 4.9,
                        "gust_kph": 7.9,
                        "uv": 0.2
                    },
                    {
                        "time_epoch": 1747206000,
                        "time": "2025-05-14 09:00",
                        "temp_c": 18.8,
                        "temp_f": 65.8,
                        "is_day": 1,
                        "condition": {
                            "text": "Partly Cloudy ",
                            "icon": "//cdn.weatherapi.com/weather/64x64/day/116.png",
                            "code": 1003
                        },
                        "wind_mph": 4.3,
                        "wind_kph": 6.8,
                        "wind_degree": 312,
                        "wind_dir": "NW",
                        "pressure_mb": 1013.0,
                        "pressure_in": 29.92,
                        "precip_mm": 0.0,
                        "precip_in": 0.0,
                        "snow_cm": 0.0,
                        "humidity": 58,
                        "cloud": 27,
                        "feelslike_c": 18.8,
                        "feelslike_f": 65.8,
                        "windchill_c": 18.8,
                        "windchill_f": 65.8,
                        "heatindex_c": 18.8,
                        "heatindex_f": 65.8,
                        "dewpoint_c": 10.5,
                        "dewpoint_f": 50.8,
                        "will_it_rain": 0,
                        "chance_of_rain": 0,
                        "will_it_snow": 0,
                        "chance_of_snow": 0,
                        "vis_km": 10.0,
                        "vis_miles": 6.0,
                        "gust_mph": 4.9,
                        "gust_kph": 7.9,
                        "uv": 0.6
                    },
                    {
                        "time_epoch": 1747209600,
                        "time": "2025-05-14 10:00",
                        "temp_c": 20.1,
                        "temp_f": 68.3,
                        "is_day": 1,
                        "condition": {
                            "text": "Sunny",
                            "icon": "//cdn.weatherapi.com/weather/64x64/day/113.png",
                            "code": 1000
                        },
                        "wind_mph": 5.1,
                        "wind_kph": 8.3,
                        "wind_degree": 300,
                        "wind_dir": "WNW",
                        "pressure_mb": 1013.0,
                        "pressure_in": 29.91,
                        "precip_mm": 0.0,
                        "precip_in": 0.0,
                        "snow_cm": 0.0,
                        "humidity": 53,
                        "cloud": 12,
                        "feelslike_c": 20.1,
                        "feelslike_f": 68.3,
                        "windchill_c": 20.1,
                        "windchill_f": 68.3,
                        "heatindex_c": 20.1,
                        "heatindex_f": 68.3,
                        "dewpoint_c": 10.3,
                        "dewpoint_f": 50.6,
                        "will_it_rain": 0,
                        "chance_of_rain": 0,
                        "will_it_snow": 0,
                        "chance_of_snow": 0,
                        "vis_km": 10.0,
                        "vis_miles": 6.0,
                        "gust_mph": 5.9,
                        "gust_kph": 9.5,
                        "uv": 1.6
                    },
                    {
                        "time_epoch": 1747213200,
                        "time": "2025-05-14 11:00",
                        "temp_c": 22.4,
                        "temp_f": 72.3,
                        "is_day": 1,
                        "condition": {
                            "text": "Sunny",
                            "icon": "//cdn.weatherapi.com/weather/64x64/day/113.png",
                            "code": 1000
                        },
                        "wind_mph": 6.9,
                        "wind_kph": 11.2,
                        "wind_degree": 298,
                        "wind_dir": "WNW",
                        "pressure_mb": 1013.0,
                        "pressure_in": 29.91,
                        "precip_mm": 0.0,
                        "precip_in": 0.0,
                        "snow_cm": 0.0,
                        "humidity": 50,
                        "cloud": 25,
                        "feelslike_c": 24.4,
                        "feelslike_f": 75.8,
                        "windchill_c": 22.2,
                        "windchill_f": 72.0,
                        "heatindex_c": 24.4,
                        "heatindex_f": 75.8,
                        "dewpoint_c": 10.1,
                        "dewpoint_f": 50.3,
                        "will_it_rain": 0,
                        "chance_of_rain": 0,
                        "will_it_snow": 0,
                        "chance_of_snow": 0,
                        "vis_km": 10.0,
                        "vis_miles": 6.0,
                        "gust_mph": 8.0,
                        "gust_kph": 12.9,
                        "uv": 3.2
                    },
                    {
                        "time_epoch": 1747216800,
                        "time": "2025-05-14 12:00",
                        "temp_c": 23.2,
                        "temp_f": 73.8,
                        "is_day": 1,
                        "condition": {
                            "text": "Sunny",
                            "icon": "//cdn.weatherapi.com/weather/64x64/day/113.png",
                            "code": 1000
                        },
                        "wind_mph": 9.2,
                        "wind_kph": 14.8,
                        "wind_degree": 300,
                        "wind_dir": "WNW",
                        "pressure_mb": 1012.0,
                        "pressure_in": 29.89,
                        "precip_mm": 0.0,
                        "precip_in": 0.0,
                        "snow_cm": 0.0,
                        "humidity": 43,
                        "cloud": 19,
                        "feelslike_c": 24.6,
                        "feelslike_f": 76.2,
                        "windchill_c": 23.2,
                        "windchill_f": 73.8,
                        "heatindex_c": 24.6,
                        "heatindex_f": 76.2,
                        "dewpoint_c": 10.0,
                        "dewpoint_f": 49.9,
                        "will_it_rain": 0,
                        "chance_of_rain": 0,
                        "will_it_snow": 0,
                        "chance_of_snow": 0,
                        "vis_km": 10.0,
                        "vis_miles": 6.0,
                        "gust_mph": 10.6,
                        "gust_kph": 17.0,
                        "uv": 5.6
                    },
                    {
                        "time_epoch": 1747220400,
                        "time": "2025-05-14 13:00",
                        "temp_c": 24.1,
                        "temp_f": 75.3,
                        "is_day": 1,
                        "condition": {
                            "text": "Sunny",
                            "icon": "//cdn.weatherapi.com/weather/64x64/day/113.png",
                            "code": 1000
                        },
                        "wind_mph": 10.7,
                        "wind_kph": 17.3,
                        "wind_degree": 310,
                        "wind_dir": "NW",
                        "pressure_mb": 1012.0,
                        "pressure_in": 29.89,
                        "precip_mm": 0.0,
                        "precip_in": 0.0,
                        "snow_cm": 0.0,
                        "humidity": 41,
                        "cloud": 16,
                        "feelslike_c": 24.9,
                        "feelslike_f": 76.7,
                        "windchill_c": 24.1,
                        "windchill_f": 75.3,
                        "heatindex_c": 24.9,
                        "heatindex_f": 76.7,
                        "dewpoint_c": 9.9,
                        "dewpoint_f": 49.8,
                        "will_it_rain": 0,
                        "chance_of_rain": 0,
                        "will_it_snow": 0,
                        "chance_of_snow": 0,
                        "vis_km": 10.0,
                        "vis_miles": 6.0,
                        "gust_mph": 12.3,
                        "gust_kph": 19.9,
                        "uv": 7.3
                    },
                    {
                        "time_epoch": 1747224000,
                        "time": "2025-05-14 14:00",
                        "temp_c": 24.5,
                        "temp_f": 76.2,
                        "is_day": 1,
                        "condition": {
                            "text": "Sunny",
                            "icon": "//cdn.weatherapi.com/weather/64x64/day/113.png",
                            "code": 1000
                        },
                        "wind_mph": 10.5,
                        "wind_kph": 16.9,
                        "wind_degree": 303,
                        "wind_dir": "WNW",
                        "pressure_mb": 1012.0,
                        "pressure_in": 29.88,
                        "precip_mm": 0.0,
                        "precip_in": 0.0,
                        "snow_cm": 0.0,
                        "humidity": 39,
                        "cloud": 24,
                        "feelslike_c": 25.0,
                        "feelslike_f": 77.0,
                        "windchill_c": 24.5,
                        "windchill_f": 76.2,
                        "heatindex_c": 25.0,
                        "heatindex_f": 77.0,
                        "dewpoint_c": 9.7,
                        "dewpoint_f": 49.4,
                        "will_it_rain": 0,
                        "chance_of_rain": 0,
                        "will_it_snow": 0,
                        "chance_of_snow": 0,
                        "vis_km": 10.0,
                        "vis_miles": 6.0,
                        "gust_mph": 12.1,
                        "gust_kph": 19.5,
                        "uv": 8.1
                    },
                    {
                        "time_epoch": 1747227600,
                        "time": "2025-05-14 15:00",
                        "temp_c": 24.8,
                        "temp_f": 76.6,
                        "is_day": 1,
                        "condition": {
                            "text": "Thundery outbreaks in nearby",
                            "icon": "//cdn.weatherapi.com/weather/64x64/day/200.png",
                            "code": 1087
                        },
                        "wind_mph": 12.8,
                        "wind_kph": 20.5,
                        "wind_degree": 304,
                        "wind_dir": "NW",
                        "pressure_mb": 1012.0,
                        "pressure_in": 29.87,
                        "precip_mm": 0.0,
                        "precip_in": 0.0,
                        "snow_cm": 0.0,
                        "humidity": 38,
                        "cloud": 46,
                        "feelslike_c": 25.1,
                        "feelslike_f": 77.2,
                        "windchill_c": 24.8,
                        "windchill_f": 76.6,
                        "heatindex_c": 25.1,
                        "heatindex_f": 77.2,
                        "dewpoint_c": 9.4,
                        "dewpoint_f": 48.8,
                        "will_it_rain": 0,
                        "chance_of_rain": 0,
                        "will_it_snow": 0,
                        "chance_of_snow": 0,
                        "vis_km": 9.0,
                        "vis_miles": 5.0,
                        "gust_mph": 14.7,
                        "gust_kph": 23.6,
                        "uv": 7.9
                    },
                    {
                        "time_epoch": 1747231200,
                        "time": "2025-05-14 16:00",
                        "temp_c": 24.8,
                        "temp_f": 76.6,
                        "is_day": 1,
                        "condition": {
                            "text": "Thundery outbreaks in nearby",
                            "icon": "//cdn.weatherapi.com/weather/64x64/day/200.png",
                            "code": 1087
                        },
                        "wind_mph": 12.8,
                        "wind_kph": 20.5,
                        "wind_degree": 307,
                        "wind_dir": "NW",
                        "pressure_mb": 1011.0,
                        "pressure_in": 29.86,
                        "precip_mm": 0.0,
                        "precip_in": 0.0,
                        "snow_cm": 0.0,
                        "humidity": 37,
                        "cloud": 46,
                        "feelslike_c": 25.1,
                        "feelslike_f": 77.1,
                        "windchill_c": 24.8,
                        "windchill_f": 76.6,
                        "heatindex_c": 25.1,
                        "heatindex_f": 77.1,
                        "dewpoint_c": 9.1,
                        "dewpoint_f": 48.4,
                        "will_it_rain": 0,
                        "chance_of_rain": 0,
                        "will_it_snow": 0,
                        "chance_of_snow": 0,
                        "vis_km": 9.0,
                        "vis_miles": 5.0,
                        "gust_mph": 14.7,
                        "gust_kph": 23.6,
                        "uv": 6.6
                    },
                    {
                        "time_epoch": 1747234800,
                        "time": "2025-05-14 17:00",
                        "temp_c": 24.4,
                        "temp_f": 75.9,
                        "is_day": 1,
                        "condition": {
                            "text": "Thundery outbreaks in nearby",
                            "icon": "//cdn.weatherapi.com/weather/64x64/day/200.png",
                            "code": 1087
                        },
                        "wind_mph": 14.8,
                        "wind_kph": 23.8,
                        "wind_degree": 306,
                        "wind_dir": "NW",
                        "pressure_mb": 1012.0,
                        "pressure_in": 29.87,
                        "precip_mm": 0.0,
                        "precip_in": 0.0,
                        "snow_cm": 0.0,
                        "humidity": 38,
                        "cloud": 30,
                        "feelslike_c": 24.9,
                        "feelslike_f": 76.8,
                        "windchill_c": 24.4,
                        "windchill_f": 75.9,
                        "heatindex_c": 24.9,
                        "heatindex_f": 76.8,
                        "dewpoint_c": 9.3,
                        "dewpoint_f": 48.8,
                        "will_it_rain": 0,
                        "chance_of_rain": 0,
                        "will_it_snow": 0,
                        "chance_of_snow": 0,
                        "vis_km": 9.0,
                        "vis_miles": 5.0,
                        "gust_mph": 17.0,
                        "gust_kph": 27.3,
                        "uv": 4.6
                    },
                    {
                        "time_epoch": 1747238400,
                        "time": "2025-05-14 18:00",
                        "temp_c": 23.4,
                        "temp_f": 74.0,
                        "is_day": 1,
                        "condition": {
                            "text": "Sunny",
                            "icon": "//cdn.weatherapi.com/weather/64x64/day/113.png",
                            "code": 1000
                        },
                        "wind_mph": 15.0,
                        "wind_kph": 24.1,
                        "wind_degree": 306,
                        "wind_dir": "NW",
                        "pressure_mb": 1012.0,
                        "pressure_in": 29.89,
                        "precip_mm": 0.0,
                        "precip_in": 0.0,
                        "snow_cm": 0.0,
                        "humidity": 38,
                        "cloud": 11,
                        "feelslike_c": 24.4,
                        "feelslike_f": 75.8,
                        "windchill_c": 23.4,
                        "windchill_f": 74.0,
                        "heatindex_c": 24.4,
                        "heatindex_f": 75.8,
                        "dewpoint_c": 8.2,
                        "dewpoint_f": 46.7,
                        "will_it_rain": 0,
                        "chance_of_rain": 0,
                        "will_it_snow": 0,
                        "chance_of_snow": 0,
                        "vis_km": 10.0,
                        "vis_miles": 6.0,
                        "gust_mph": 17.9,
                        "gust_kph": 28.8,
                        "uv": 2.7
                    },
                    {
                        "time_epoch": 1747242000,
                        "time": "2025-05-14 19:00",
                        "temp_c": 23.1,
                        "temp_f": 73.6,
                        "is_day": 1,
                        "condition": {
                            "text": "Sunny",
                            "icon": "//cdn.weatherapi.com/weather/64x64/day/113.png",
                            "code": 1000
                        },
                        "wind_mph": 14.5,
                        "wind_kph": 23.4,
                        "wind_degree": 301,
                        "wind_dir": "WNW",
                        "pressure_mb": 1012.0,
                        "pressure_in": 29.9,
                        "precip_mm": 0.0,
                        "precip_in": 0.0,
                        "snow_cm": 0.0,
                        "humidity": 38,
                        "cloud": 9,
                        "feelslike_c": 24.3,
                        "feelslike_f": 75.7,
                        "windchill_c": 23.1,
                        "windchill_f": 73.6,
                        "heatindex_c": 24.3,
                        "heatindex_f": 75.7,
                        "dewpoint_c": 8.0,
                        "dewpoint_f": 46.4,
                        "will_it_rain": 0,
                        "chance_of_rain": 0,
                        "will_it_snow": 0,
                        "chance_of_snow": 0,
                        "vis_km": 10.0,
                        "vis_miles": 6.0,
                        "gust_mph": 18.1,
                        "gust_kph": 29.1,
                        "uv": 0.9
                    },
                    {
                        "time_epoch": 1747245600,
                        "time": "2025-05-14 20:00",
                        "temp_c": 21.0,
                        "temp_f": 69.8,
                        "is_day": 1,
                        "condition": {
                            "text": "Sunny",
                            "icon": "//cdn.weatherapi.com/weather/64x64/day/113.png",
                            "code": 1000
                        },
                        "wind_mph": 13.6,
                        "wind_kph": 22.0,
                        "wind_degree": 296,
                        "wind_dir": "WNW",
                        "pressure_mb": 1013.0,
                        "pressure_in": 29.92,
                        "precip_mm": 0.0,
                        "precip_in": 0.0,
                        "snow_cm": 0.0,
                        "humidity": 49,
                        "cloud": 8,
                        "feelslike_c": 21.0,
                        "feelslike_f": 69.8,
                        "windchill_c": 21.0,
                        "windchill_f": 69.8,
                        "heatindex_c": 24.3,
                        "heatindex_f": 75.7,
                        "dewpoint_c": 10.0,
                        "dewpoint_f": 49.9,
                        "will_it_rain": 0,
                        "chance_of_rain": 0,
                        "will_it_snow": 0,
                        "chance_of_snow": 0,
                        "vis_km": 10.0,
                        "vis_miles": 6.0,
                        "gust_mph": 18.4,
                        "gust_kph": 29.6,
                        "uv": 0.4
                    },
                    {
                        "time_epoch": 1747249200,
                        "time": "2025-05-14 21:00",
                        "temp_c": 19.9,
                        "temp_f": 67.8,
                        "is_day": 1,
                        "condition": {
                            "text": "Sunny",
                            "icon": "//cdn.weatherapi.com/weather/64x64/day/113.png",
                            "code": 1000
                        },
                        "wind_mph": 11.4,
                        "wind_kph": 18.4,
                        "wind_degree": 304,
                        "wind_dir": "NW",
                        "pressure_mb": 1014.0,
                        "pressure_in": 29.95,
                        "precip_mm": 0.0,
                        "precip_in": 0.0,
                        "snow_cm": 0.0,
                        "humidity": 54,
                        "cloud": 8,
                        "feelslike_c": 19.9,
                        "feelslike_f": 67.8,
                        "windchill_c": 19.9,
                        "windchill_f": 67.8,
                        "heatindex_c": 19.9,
                        "heatindex_f": 67.8,
                        "dewpoint_c": 10.4,
                        "dewpoint_f": 50.7,
                        "will_it_rain": 0,
                        "chance_of_rain": 0,
                        "will_it_snow": 0,
                        "chance_of_snow": 0,
                        "vis_km": 10.0,
                        "vis_miles": 6.0,
                        "gust_mph": 15.8,
                        "gust_kph": 25.4,
                        "uv": 0.0
                    },
                    {
                        "time_epoch": 1747252800,
                        "time": "2025-05-14 22:00",
                        "temp_c": 18.8,
                        "temp_f": 65.8,
                        "is_day": 0,
                        "condition": {
                            "text": "Clear ",
                            "icon": "//cdn.weatherapi.com/weather/64x64/night/113.png",
                            "code": 1000
                        },
                        "wind_mph": 9.4,
                        "wind_kph": 15.1,
                        "wind_degree": 307,
                        "wind_dir": "NW",
                        "pressure_mb": 1015.0,
                        "pressure_in": 29.97,
                        "precip_mm": 0.0,
                        "precip_in": 0.0,
                        "snow_cm": 0.0,
                        "humidity": 59,
                        "cloud": 8,
                        "feelslike_c": 18.8,
                        "feelslike_f": 65.8,
                        "windchill_c": 18.8,
                        "windchill_f": 65.8,
                        "heatindex_c": 18.8,
                        "heatindex_f": 65.8,
                        "dewpoint_c": 10.5,
                        "dewpoint_f": 51.0,
                        "will_it_rain": 0,
                        "chance_of_rain": 0,
                        "will_it_snow": 0,
                        "chance_of_snow": 0,
                        "vis_km": 10.0,
                        "vis_miles": 6.0,
                        "gust_mph": 14.2,
                        "gust_kph": 22.8,
                        "uv": 0
                    },
                    {
                        "time_epoch": 1747256400,
                        "time": "2025-05-14 23:00",
                        "temp_c": 18.1,
                        "temp_f": 64.5,
                        "is_day": 0,
                        "condition": {
                            "text": "Clear ",
                            "icon": "//cdn.weatherapi.com/weather/64x64/night/113.png",
                            "code": 1000
                        },
                        "wind_mph": 8.5,
                        "wind_kph": 13.7,
                        "wind_degree": 312,
                        "wind_dir": "NW",
                        "pressure_mb": 1015.0,
                        "pressure_in": 29.98,
                        "precip_mm": 0.0,
                        "precip_in": 0.0,
                        "snow_cm": 0.0,
                        "humidity": 62,
                        "cloud": 8,
                        "feelslike_c": 18.1,
                        "feelslike_f": 64.5,
                        "windchill_c": 18.1,
                        "windchill_f": 64.5,
                        "heatindex_c": 18.1,
                        "heatindex_f": 64.5,
                        "dewpoint_c": 10.6,
                        "dewpoint_f": 51.1,
                        "will_it_rain": 0,
                        "chance_of_rain": 0,
                        "will_it_snow": 0,
                        "chance_of_snow": 0,
                        "vis_km": 10.0,
                        "vis_miles": 6.0,
                        "gust_mph": 13.0,
                        "gust_kph": 21.0,
                        "uv": 0
                    }
                ]
            }
        ]
    }
}